Index,Website,Keywords
1,http://images.taboola.com,NA
2,http://ocsp.comodoca.com,NA
3,http://ocsp.globalsign.com,"Storage, Duration, Type, Cookie, Maximum, HTTP, Session, HTML, Local, Learn"
4,http://ocsp.pki.goog,NA
5,http://ocsp.sectigo.com,NA
6,http://ocsp2.globalsign.com,"Storage, Duration, Type, Cookie, Maximum, HTTP, Session, HTML, Local, Learn"
7,http://pbs.twimg.com,NA
8,http://status.geotrust.com,NA
9,http://sweetshow.com,"Spanish, English, Japanese, Big, Mom, Indian, Compilation, Licking, Babe, Clit"
10,http://tsyndicate.com,NA
11,https://3sex.com,NA
12,https://6.adsco.re,NA
13,https://a.adtng.com,NA
14,https://a.exosrv.com,NA
15,https://aa.agkn.com,NA
16,https://abs.twimg.com,NA
17,http://24timezones.com,"Wed, Time, Map, zone, World, UTC, Clock, GMT, Zones, widget"
18,http://abs.twimg.com,NA
19,http://fapvid.com,"Tube, Porn, Sex, Mature, Big, Tubes, English, Tits, Anal, Japanese"
20,http://images.taboola.com,NA
21,https://ads.exoclick.com,NA
22,https://ads.trafficjunky.net,NA
23,https://ads2.contentabc.com,NA
24,https://adsco.re,
25,https://ajax.cloudflare.com,NA
26,https://api-protected.protoawegw.com,NA
27,https://api.amplitude.com,NA
28,https://api.mixpanel.com,"error, API, visiting, started"
29,https://api.segment.io,NA
30,https://apis.kostprice.com,"buy, White, Water, Voltage, Purifier, Stabilizer, Kent, Grey, Digital, Microtek"
31,https://assets.gadgets360cdn.com,NA
32,https://assetscdn1.paytm.com,NA
33,https://bam.nr-data.net,NA
34,https://bat.bing.com,NA
35,https://bbc.com,"Scotland, ago, BBC, Asia, hrs, India, History, Business, Canada, World"
36,https://bcp.crwdcntrl.net,NA
37,https://browser.sentry-cdn.com,NA
38,https://bs.serving-sys.com,NA
39,https://bttrack.com,"Portal, Api, Tracking, Ready, Bidtellect, future, home, information, visit, website"
40,https://ads.creative-serving.com,NA
41,https://c.adsco.re,
42,https://c.go-mpulse.net,NA
43,https://c2.taboola.com,NA
44,https://ccs.livejasmin.com,NA
45,https://cdn.adskeeper.co.uk,NA
46,https://cdn.amplitude.com,NA
47,https://cdn.gadgets360.com,NA
48,https://cdn.jsdelivr.net,"npm, requests, Bandwidth, past, month, file, CDN, API, version, CSS"
49,https://cdn.mxpnl.com,"Page, URL, found, re, thinking, nt, Center, Mixpanel, Community, checking"
50,https://cdn.nsimg.net,NA
51,https://cdn.o333o.com,NA
52,https://cdn.onesignal.com,NA
53,https://cdn.pushowl.com,NA
54,https://cdn.segment.com,NA
55,https://cdn.shopify.com,"File, Shopify, Copy, url, Crop, Center, Top, Bottom, Left, Height"
56,https://cdn.tsyndicate.com,NA
57,https://cdn.tynt.com,NA
58,https://cdn1-smallimg.phncdn.com,NA
59,https://cdn77-pic.xnxx-cdn.com,NA
60,https://cdn77-pic.xvideos-cdn.com,NA
61,https://cds.taboola.com,NA
62,https://chimpstatic.com,NA
63,https://clientcdn.pushengage.com,NA
64,https://cnt.xhamster.desi,NA
65,https://collector.xhamster.desi,NA
66,https://consent.cookiebot.com,"Forbidden, Error, Access, denied, Server, supplied, permission, view, directory, page"
67,https://content.mql5.com,NA
68,https://counter.yadro.ru,NA
69,https://de.tynt.com,NA
70,https://delivery.adrecover.com,NA
71,https://e.dtscout.com,NA
72,https://embed.tawk.to,NA
73,https://etahub.com,NA
74,https://faphouse.com,"Sex, Indian, Videos, Desi, Hot, Girl, Fucked, Mallu, Fuck, Girlfriend"
75,https://fast.a.klaviyo.com,"SMS, Cookies, Klaviyo, Label, Reviews, Site, Switch, Email, Marketing, Privacy"
76,https://feeds.feedburner.com,"error, URL, server, requested, found"
77,https://fonts.shopifycdn.com,NA
78,https://fsb.hextom.com,NA
79,https://go.xhamsterlive.com,"show, Ticket, Sex, Shows, Girl, Girls, Hot, Indian, diya, Sony"
