Index,Website,Keywords
1,http://24timezones.com,"Time Zone Map, time UTC time, World Time Zone, Time Time Zone, Map Canada Time, Maps World Time, Map Australia Time, Time Map World, Time Maps Time, Canada Time Zone, Map Time Zone, Map World Map, GMT time UTC, Time zone, Time Zones Time, GMT World Time, World Map Time, Military Time Time, Zone Maps World, Time Map Canada"
2,http://abs.twimg.com,NA
3,http://fapvid.com,"English English Čeština, English Čeština Dansk, Svenska English English, Tube Porn Film, Porn Motors Tube, Čeština Dansk Deutsch, Dansk Deutsch Ελληνικά, Deutsch Ελληνικά Español, Ελληνικά Español Français, Italiano Magyar Nederlands, Norsk Polski Português, Polski Português Русский, Português Русский Slovenčina, Русский Slovenčina Slovenščina, Slovenčina Slovenščina Suomi, Slovenščina Suomi Svenska, Big Ass Big, Suomi Svenska English, Home Tube Porn, Mature Mature Anal"
4,http://images.taboola.com,NA
5,http://ocsp.comodoca.com,NA
6,http://ocsp.globalsign.com,"Maximum Storage Duration, HTML Local Storage, Storage Maximum Storage, Cookie Maximum Storage, Pending Maximum Storage, Storage Duration, HTTP Cookie Maximum, Local Storage Maximum, session Maximum Storage, Maximum Storage, Local Storage Google, Session Type, Tracker Maximum Storage, Storage Google Learn, HTTP Cookie, HTTP Cookie Google, Local Storage, HTTP Cookie collect, HTTP Cookie CONCRETE, cookie Pending Maximum"
7,http://ocsp.pki.goog,NA
8,http://ocsp.sectigo.com,NA
9,http://ocsp2.globalsign.com,"Maximum Storage Duration, HTML Local Storage, Storage Maximum Storage, Cookie Maximum Storage, Pending Maximum Storage, Storage Duration, HTTP Cookie Maximum, Local Storage Maximum, session Maximum Storage, Maximum Storage, Local Storage Google, Session Type, Tracker Maximum Storage, Storage Google Learn, HTTP Cookie, HTTP Cookie Google, Local Storage, HTTP Cookie collect, HTTP Cookie CONCRETE, cookie Pending Maximum"
10,http://pbs.twimg.com,NA
11,http://status.geotrust.com,NA
12,http://sweetshow.com,"Spandex Spanish Spanish, Cumshot Cumshot Compilation, Orgasm Orgasm Compilation, Orgasm Compilation Orgy, Club College Compilation, College Compilation Condom, Compilation Condom Contest, Pump Pussy Licking, Nipples Pump Pussy, Black Blonde Blowjob, Cinema Classic Clit, Diaper Dildo Dirty, Dildo Dirty Talk, Huge Dildo Hungarian, Dildo Hungarian Husband, Natural Nipples Norwegian, Nipples Norwegian Nudist, Puffy Nipples Pump, Slovakian Slovenian Small, Cougar Couple Cousin"
13,http://tsyndicate.com,NA
14,https://3sex.com,NA
15,https://6.adsco.re,NA
16,https://a.adtng.com,NA
17,https://a.exosrv.com,NA
18,https://aa.agkn.com,NA
19,https://abs.twimg.com,NA
20,https://ads.creative-serving.com,NA
21,https://ads.exoclick.com,NA
22,https://ads.trafficjunky.net,NA
23,https://ads2.contentabc.com,NA
24,https://adsco.re,
25,https://ajax.cloudflare.com,NA
26,https://api-protected.protoawegw.com,NA
27,https://api.amplitude.com,NA
28,https://api.mixpanel.com,"API by visiting, error, API, visiting, started"
29,https://api.segment.io,NA
30,https://apis.kostprice.com,"Digital Voltage Stabilizer, TDS Water Purifier, Bluebird Voltage Stabilizer, Buy Bluebird Voltage, Buy Kent Gold, Voltage Stabilizer, Water Purifier, Buy Monitor Voltage, Monitor Voltage Stabilizer, Buy Kent, Buy Kent Grand, Buy Kent Pride, Buy Kent Ace, Water Purifiers Kent, Voltage Stabilizers Digital, Buy Microtek, Digital Voltage, Nano Voltage Stabilizer, Smart Voltage Stabilizer, EMD Voltage Stabilizer"
31,https://assets.gadgets360cdn.com,NA
32,https://assetscdn1.paytm.com,NA
33,https://bam.nr-data.net,NA
34,https://bat.bing.com,NA
35,https://bbc.com,"Dec Travel Dec, Culture Arts Travel, Travel BBC Travel, Business Innovation Culture, Innovation Culture Arts, Nov Travel Nov, Arts Travel Earth, Dec Middle East, Dec Travel BBC, Dec Travel Europe, Travel Travel Travel, Travel Earth Video, Travel Dec Europe, Innovation Culture Culture, Sport Business Innovation, Dec Travel, days ago Travel, Innovation Innovation Culture, Travel Travel Earth, Travel Dec Dec"
36,https://bcp.crwdcntrl.net,NA
37,https://browser.sentry-cdn.com,NA
38,https://bs.serving-sys.com,NA
39,https://bttrack.com,"Bidtellect API Portal, Bidtellect Tracking Api, API Portal, Tracking Api, Bidtellect Tracking, Api is Ready, Bidtellect API, future home, Portal, Api, Bidtellect, Tracking, Ready, future, home, visit our website, information about Bidtellect, information, visit, website"
40,https://c.adsco.re,
41,https://c.go-mpulse.net,NA
42,https://c2.taboola.com,NA
43,https://ccs.livejasmin.com,NA
44,https://cdn.adskeeper.co.uk,NA
45,https://cdn.amplitude.com,NA
46,https://cdn.gadgets360.com,NA
47,https://cdn.jsdelivr.net,"requests past month, month Bandwidth past, Bandwidth past month, past month Bandwidth, past month Requests, month Requests past, requests past, Bandwidth past, month Bandwidth, month Requests, npm, past month, requests, requests jsDelivr Skypack, Bandwidth, CDN, past, stats Top npm, month, fast CDN Explore"
48,https://cdn.mxpnl.com,"found We ’re, ’re thinking, Mixpanel Community, Page, Page not found, n’t the page, URL, found, ’re, thinking, n’t, Center, Mixpanel, Community, checking, address, checking the address"
49,https://cdn.nsimg.net,NA
50,https://cdn.o333o.com,NA
51,https://cdn.onesignal.com,NA
52,https://cdn.pushowl.com,NA
53,https://cdn.segment.com,NA
54,https://cdn.shopify.com,"Center Top Bottom, Top Bottom Left, Width Height Crop, File, Shopify image url, URL Liquid Hydrogen, Features Features File, Copy Copy text, Top Bottom, Center Top, Bottom Left, Copy Copy, Shopify, Shopify million File, Width Height, image url Paste, Height Crop, Left Right Padding, Crop None Center, Height Width Height"
55,https://cdn.tsyndicate.com,NA
56,https://cdn.tynt.com,NA
57,https://cdn1-smallimg.phncdn.com,NA
58,https://cdn77-pic.xnxx-cdn.com,NA
59,https://cdn77-pic.xvideos-cdn.com,NA
60,https://cds.taboola.com,NA
61,https://chimpstatic.com,NA
62,https://clientcdn.pushengage.com,NA
63,https://cnt.xhamster.desi,NA
64,https://collector.xhamster.desi,NA
65,https://consent.cookiebot.com,"Server Error, Access is denied, Forbidden, Error, Access, permission to view, view this directory, directory or page, denied, Server, supplied, permission, view, directory, page, credentials"
66,https://content.mql5.com,NA
67,https://counter.yadro.ru,NA
68,https://de.tynt.com,NA
69,https://delivery.adrecover.com,NA
70,https://e.dtscout.com,NA
71,https://embed.tawk.to,NA
72,https://etahub.com,NA
73,https://faphouse.com,"DESI INDIAN SEX, Indian Desi Girl, videos Indian Published, Indian Hot Bhabhi, videos Desi Published, Desi Indian Girlfriend, Indian Sex Desi, Indian Desi Sex, Desi Sex Indian, Indian Desi Hot, Indian Couple Desi, Indian Desi Couple, Indian Girl Indian, Desi Indian Girl, Sex Desi Sex, Indian Wife Sex, Hot Bhabhi Sex, Desi Hot Indian, Indian Desi Porn, Indian Couple Sex"
74,https://fast.a.klaviyo.com,"Switch Label label, Cookies Functional Cookies, Cookies Targeting Cookies, Cookies Performance Cookies, Label label Switch, label Switch Label, SMS Klaviyo SMS, Cookies Site Analytics, Klaviyo email Klaviyo, Functional Cookies Site, Functional Cookies Functional, Targeting Cookies Targeting, Performance Cookies Performance, Targeting Cookies Functional, Site Analytics Site, Performance Cookies Targeting, Analytics Site Analytics, ROI SMS Klaviyo, Klaviyo SMS, Label label"
75,https://feeds.feedburner.com,"error, requested URL, URL, server, requested, found"
76,https://fonts.shopifycdn.com,NA
77,https://fsb.hextom.com,NA
78,https://go.xhamsterlive.com,"Ticket Show, Ticket Show rlmadhavi, Ticket Show Naughty-Saanvi, Ticket Show radhika, BDSM Ticket Shows, Ticket Shows Age, dudh Pussy show, Live Sex Shows, Pussy show, Ticket Show Hot-Sania, Ticket Show SUDU-AKKA, Ticket Show TheKingixine, COUPLE HOTASSBHABHI Couple, Sex Shows Cutiepiespanks, Indian BDSM Ticket, Colorful Private Shows, Show, Girls Couples Guys, Couples Live Sex, Couples Guys Trans"
80,https://hot-india.com,"Private Private Show, BDSM Ticket Shows, Ticket Show IND, Colorful Private Shows, Ticket Show Mallu, Ticket Shows Age, Shows Video Call, Show Type Activities, Ticket Show, Videos Photos Feed, Ticket Show Couple, Full Nude show, Privates Watch History, Show Type Appearance, Profile Videos Photos, Feed Join Fan, Indian BDSM Ticket, Photos Feed Join, Main Home Feed, Girls Couples Guys"
81,https://hot-sex-tube.com,"oral sex Added, min Tags, Kink Duration, Big ass Duration, Big Cock Duration, Big Tits Duration, sex Added, anal sex Duration, porn video Duration, nurse Added, Hindi Sex Duration, Added, Sexy nurse Duration, big tits, Sex Duration, Tags, Duration, big ass, Black Cock Duration, small tits Added"
82,https://hotadultvids.com,NA
83,https://i.liadm.com,NA
84,https://ib.adnxs.com,NA
85,https://ic.tynt.com,NA
86,https://images.taboola.com,NA
87,https://img1.wsimg.com,"Server Error, Access is denied, Forbidden, Error, Access, permission to view, view this directory, directory or page, denied, Server, supplied, permission, view, directory, page, credentials"
88,https://in.visitors.live,NA
89,https://js-agent.newrelic.com,NA
90,https://l.sharethis.com,NA
91,https://loadm.exelator.com,NA92,https://match.adsrvr.org,NA
93,https://mc.webvisor.org,NA
